,AdminController,AppSetting,BaseModel,CacheConfiguration,CacheSettingService,Constants,DTOUtil,ExceptionHandlerController,FlexmarkMarkdownService,HomeController,Markdown,MarkdownService,Message,MessageHelper,NotFoundException,PegDownMarkdownService,Post,PostController,PostForm,PostFormat,PostRepository,PostService,PostStatus,PostType,PygmentsService,PygmentsVerbatimSerializer,SecurityConfig,Setting,SettingRepository,SettingService,SettingsForm,SpringBlogApplication,SyntaxHighlightService,Tag,TagController,TagRepository,TagService,User,UserController,UserForm,UserRepository,UserService,ViewHelper,WebConfig
AdminController,1.0,0.39794612,0.3629589,0.31835836,0.5789404,0.06038655,0.30416465,0.55607784,0.43622786,0.7140333,0.19055219,0.0183245,0.15851787,0.27625915,0.26832718,0.47041184,0.42144206,0.69199985,0.28664777,0.13618562,0.35805878,0.39252463,0.12352069,0.1328516,0.21756223,0.18695576,0.51191366,0.29491678,0.123814195,0.09895521,0.16425863,0.3628035,0.013323269,0.3979166,0.7719703,0.09280695,0.44759205,0.47485024,0.35360318,0.08205745,0.102408156,0.3822835,0.56752187,0.4701793
AppSetting,0.39794612,1.0,0.44506496,0.29508433,0.5911737,0.09834722,0.45625272,0.44049796,0.24850738,0.4016572,0.12240548,0.007561919,0.35658738,0.40443182,0.20672867,0.41931173,0.29905647,0.34192836,0.19134325,0.22404246,0.24360491,0.125174,0.23351395,0.2439316,0.30328128,0.12731002,0.38245583,0.12566015,0.029887386,0.08374196,0.117162,0.2088888,0.00593395,0.22684035,0.36772546,0.025245233,0.4996285,0.3985569,0.096114986,0.037711523,0.026174765,0.13453986,0.47309652,0.16304949
BaseModel,0.3629589,0.44506496,1.0,0.23132136,0.5371455,0.04345921,0.49112788,0.35589972,0.21372198,0.34076282,0.09451986,0.00857093,0.33993047,0.2506898,0.3139595,0.44531918,0.32493332,0.35054982,0.21640325,0.31213972,0.15319768,0.097980775,0.33102906,0.32817078,0.26729068,0.126585,0.3445167,0.16062202,0.025200032,0.090264454,0.15537588,0.14844352,0.006701855,0.33015525,0.3255203,0.023557205,0.48290175,0.48112687,0.10078248,0.071623765,0.025334204,0.11375014,0.47880095,0.12155231
CacheConfiguration,0.31835836,0.29508433,0.23132136,1.0,0.39973667,0.02395864,0.23703513,0.32547516,0.21195668,0.336301,0.10033797,0.005688397,0.10208502,0.18069898,0.13982105,0.31295648,0.2422989,0.31380862,0.14305772,0.08191824,0.19907252,0.20270294,0.0659983,0.071476616,0.14983633,0.14372465,0.4342144,0.19176865,0.07231697,0.052374855,0.076083526,0.31213972,0.0047531906,0.24764593,0.30120483,0.048316743,0.32372707,0.29708818,0.11350891,0.029708223,0.05291557,0.27838627,0.36423,0.29286554
CacheSettingService,0.5789404,0.5911737,0.5371455,0.39973667,1.0,0.051502593,0.4391123,0.5066581,0.35834017,0.522147,0.15123294,0.012288491,0.2699642,0.31435665,0.29425114,0.56303203,0.3806978,0.5002282,0.25588,0.20411624,0.28648525,0.23715001,0.20157075,0.2081471,0.342911,0.20079784,0.5397816,0.2330773,0.07452753,0.11953706,0.16079283,0.27360865,0.01043012,0.34312972,0.5595339,0.054939292,0.5965735,0.4982441,0.17613101,0.06959908,0.059284367,0.26069033,0.60573924,0.2737461
Constants,0.06038655,0.09834722,0.04345921,0.02395864,0.051502593,1.0,0.038971644,0.04769593,0.038828418,0.053055428,0.08451219,0.01729168,0.061594732,0.04406195,0.06921589,0.04675778,0.06484017,0.030617507,0.06354057,0.06783351,0.042328898,0.027996926,0.061367445,0.05615488,0.04068267,0.051106308,0.033968776,0.049902987,0.013373478,0.05431668,0.06574331,0.05563646,0.013306855,0.07039058,0.053660292,0.013928671,0.041974716,0.10905964,0.054754607,0.035545155,0.015615488,0.020443352,0.067162454,0.03476918
DTOUtil,0.30416465,0.45625272,0.49112788,0.23703513,0.4391123,0.038971644,1.0,0.34207997,0.24304628,0.28663924,0.102378406,0.0051825326,0.41648093,0.34175447,0.21536279,0.48712438,0.17330728,0.31859484,0.14194256,0.2688625,0.14468218,0.07575694,0.28324836,0.30326185,0.3802723,0.113316424,0.3290252,0.0787347,0.018056944,0.06043348,0.08434331,0.16130994,0.0046300637,0.18925059,0.24876866,0.017844206,0.5312304,0.31847212,0.066162415,0.031019058,0.017528558,0.08562489,0.3895517,0.10179128
ExceptionHandlerController,0.55607784,0.44049796,0.35589972,0.32547516,0.5066581,0.04769593,0.34207997,1.0,0.36061475,0.5369379,0.15456204,0.01080833,0.20275511,0.37912837,0.27230495,0.46439224,0.33762154,0.5221382,0.19385532,0.12422201,0.29766032,0.22170435,0.11101357,0.11390056,0.26533547,0.17059742,0.4084324,0.1899823,0.052069407,0.0703077,0.10087568,0.28688943,0.007827067,0.24997815,0.5307792,0.0431703,0.380141,0.37380958,0.19402781,0.039278276,0.04683802,0.25250036,0.5183552,0.31338373
FlexmarkMarkdownService,0.43622786,0.24850738,0.21372198,0.21195668,0.35834017,0.038828418,0.24304628,0.36061475,1.0,0.3629792,0.23515698,0.023278955,0.10881237,0.18894519,0.12156828,0.5244332,0.26547268,0.5034861,0.19957212,0.09059943,0.2691798,0.33401784,0.072039776,0.07630566,0.26019314,0.24629623,0.35931674,0.1831083,0.08080708,0.059197977,0.09858466,0.2515737,0.017523954,0.22430702,0.43164748,0.07260575,0.30047485,0.2550197,0.1507292,0.051010158,0.072554104,0.2647449,0.43433484,0.3360446
HomeController,0.7140333,0.4016572,0.34076282,0.336301,0.522147,0.053055428,0.28663924,0.5369379,0.3629792,1.0,0.19437945,0.016117884,0.14272445,0.22792318,0.22179559,0.4509827,0.41521403,0.689009,0.31230155,0.11656768,0.4575425,0.36900854,0.105958134,0.11120067,0.2303042,0.1929606,0.42576283,0.3114028,0.12935065,0.098676085,0.16691214,0.37618646,0.011080834,0.42344368,0.74846584,0.101749234,0.45061234,0.4865211,0.31683677,0.07173937,0.10767806,0.34420827,0.4989821,0.38528368
Markdown,0.19055219,0.12240548,0.09451986,0.10033797,0.15123294,0.08451219,0.102378406,0.15456204,0.23515698,0.19437945,1.0,0.18727061,0.054362807,0.05858158,0.16889678,0.28702518,0.14682293,0.15510473,0.17508659,0.0936552,0.12650226,0.17437439,0.058471866,0.06019034,0.13886756,0.40331605,0.108920686,0.18845464,0.12751393,0.16693778,0.14439735,0.2063972,0.13532865,0.22421478,0.20398793,0.17154424,0.16219424,0.19329685,0.23400903,0.13178611,0.15008368,0.115573816,0.20715693,0.15531877
MarkdownService,0.0183245,0.007561919,0.00857093,0.005688397,0.012288491,0.01729168,0.0051825326,0.01080833,0.023278955,0.016117884,0.18727061,1.0,0.0045271325,0.0024595323,0.05534758,0.024488755,0.013860131,0.009970402,0.031862713,0.026852015,0.007155823,0.023124184,0.0152853215,0.015028868,0.01068472,0.08075383,0.006158516,0.035134397,0.041528612,0.11650126,0.072079025,0.029656904,0.6091419,0.04654372,0.021542836,0.080352776,0.012698705,0.0216413,0.07507217,0.140957,0.0678504,0.008943028,0.017428,0.017625814
Message,0.15851787,0.35658738,0.33993047,0.10208502,0.2699642,0.061594732,0.41648093,0.20275511,0.10881237,0.14272445,0.054362807,0.0045271325,1.0,0.28732207,0.23691505,0.24629623,0.10376032,0.12692392,0.13233706,0.39843553,0.053994764,0.031588588,0.4562906,0.48433954,0.2748118,0.05047484,0.1908294,0.037642714,0.005362306,0.05383963,0.09349148,0.0678298,0.004279599,0.094235785,0.12987776,0.0054899585,0.2894883,0.18809262,0.037842825,0.031095522,0.005194948,0.030017935,0.25090903,0.040277455
MessageHelper,0.27625915,0.40443182,0.2506898,0.18069898,0.31435665,0.04406195,0.34175447,0.37912837,0.18894519,0.22792318,0.05858158,0.0024595323,0.28732207,1.0,0.11633356,0.2472942,0.19583696,0.23288779,0.10842923,0.1053867,0.1854766,0.07930882,0.12052295,0.12350968,0.18012404,0.06784399,0.2603413,0.06096211,0.014420323,0.040423963,0.045377225,0.102857605,0.0021803638,0.11213123,0.24891017,0.012236283,0.28800017,0.20469168,0.053365532,0.012455069,0.011587136,0.094728574,0.2708805,0.11437972
NotFoundException,0.26832718,0.20672867,0.3139595,0.13982105,0.29425114,0.06921589,0.21536279,0.27230495,0.12156828,0.22179559,0.16889678,0.05534758,0.23691505,0.11633356,1.0,0.24700677,0.1669923,0.18295126,0.22148585,0.38353872,0.07244899,0.09935274,0.36722276,0.35867247,0.16056255,0.1669982,0.20676869,0.13816077,0.056961197,0.19941898,0.2581952,0.20552464,0.048690196,0.27856883,0.23305447,0.06657379,0.29738387,0.29133612,0.21105252,0.19833529,0.066735394,0.090205535,0.29405275,0.12163333
PegDownMarkdownService,0.47041184,0.41931173,0.44531918,0.31295648,0.56303203,0.04675778,0.48712438,0.46439224,0.5244332,0.4509827,0.28702518,0.024488755,0.24629623,0.2472942,0.24700677,1.0,0.29953292,0.50426704,0.25579464,0.2176539,0.2558051,0.20275189,0.18393624,0.1977459,0.47694537,0.32430843,0.44266677,0.1887232,0.05502127,0.09037559,0.15054712,0.29610363,0.01869471,0.31305227,0.42952326,0.053891595,0.53164464,0.42600778,0.16185148,0.070524484,0.05288569,0.19447905,0.5460822,0.23770274
Post,0.42144206,0.29905647,0.32493332,0.2422989,0.3806978,0.06484017,0.17330728,0.33762154,0.26547268,0.41521403,0.14682293,0.013860131,0.10376032,0.19583696,0.1669923,0.29953292,1.0,0.39856675,0.43405256,0.083811164,0.40766352,0.35358232,0.07256755,0.07185087,0.10860843,0.17999244,0.26731628,0.476208,0.10664893,0.100022085,0.23427156,0.20525727,0.011137715,0.51145005,0.47784883,0.074344166,0.24421597,0.56811905,0.18192868,0.104428664,0.08850527,0.30391568,0.41245627,0.32296842
PostController,0.69199985,0.34192836,0.35054982,0.31380862,0.5002282,0.030617507,0.31859484,0.5221382,0.5034861,0.689009,0.15510473,0.009970402,0.12692392,0.23288779,0.18295126,0.50426704,0.39856675,1.0,0.271979,0.09933309,0.40633574,0.40729782,0.08966897,0.09521792,0.23489091,0.16271333,0.48109215,0.25023302,0.10489705,0.06740538,0.115032084,0.33291295,0.008019823,0.3302432,0.69713205,0.079955205,0.44072795,0.3914404,0.22039437,0.05259572,0.083445236,0.39651996,0.561428,0.42687237
PostForm,0.28664777,0.19134325,0.21640325,0.14305772,0.25588,0.06354057,0.14194256,0.19385532,0.19957212,0.31230155,0.17508659,0.031862713,0.13233706,0.10842923,0.22148585,0.25579464,0.43405256,0.271979,1.0,0.1403757,0.20465009,0.2874175,0.12119437,0.121777356,0.11438622,0.1724859,0.18759523,0.30895388,0.09593835,0.15217803,0.6134311,0.16903357,0.026214954,0.3423408,0.32343298,0.081566565,0.22962676,0.35296658,0.18375067,0.28659478,0.08580357,0.17622416,0.28114903,0.2114458
PostFormat,0.13618562,0.22404246,0.31213972,0.08191824,0.20411624,0.06783351,0.2688625,0.12422201,0.09059943,0.11656768,0.0936552,0.026852015,0.39843553,0.1053867,0.38353872,0.2176539,0.083811164,0.09933309,0.1403757,1.0,0.036393423,0.029215185,0.8114707,0.8452624,0.23409256,0.082832985,0.15234634,0.0466306,0.010166995,0.10495351,0.16183774,0.07890086,0.021627694,0.13843444,0.10542038,0.014491265,0.25665906,0.18038696,0.05742072,0.08885118,0.013881935,0.023254937,0.18015625,0.03226128
PostRepository,0.35805878,0.24360491,0.15319768,0.19907252,0.28648525,0.042328898,0.14468218,0.29766032,0.2691798,0.4575425,0.12650226,0.007155823,0.053994764,0.1854766,0.07244899,0.2558051,0.40766352,0.40633574,0.20465009,0.036393423,1.0,0.34343243,0.031225786,0.03269344,0.13263994,0.12744524,0.26573268,0.24727628,0.14884607,0.04357484,0.07805721,0.198121,0.0056751953,0.26932693,0.45218998,0.11350466,0.24043952,0.31738645,0.16518646,0.029228926,0.12194566,0.3261393,0.30613008,0.31440082
PostService,0.39252463,0.125174,0.097980775,0.20270294,0.23715001,0.027996926,0.07575694,0.22170435,0.33401784,0.36900854,0.17437439,0.023124184,0.031588588,0.07930882,0.09935274,0.20275189,0.35358232,0.40729782,0.2874175,0.029215185,0.34343243,1.0,0.022787284,0.023222173,0.064591624,0.1980555,0.25873753,0.38042194,0.32184494,0.083498806,0.12886643,0.27141514,0.022489555,0.3064938,0.4925016,0.20931306,0.17802879,0.234594,0.26378137,0.07782466,0.23776953,0.67969716,0.2981934,0.6689617
PostStatus,0.12352069,0.23351395,0.33102906,0.0659983,0.20157075,0.061367445,0.28324836,0.11101357,0.072039776,0.105958134,0.058471866,0.0152853215,0.4562906,0.12052295,0.36722276,0.18393624,0.07256755,0.08966897,0.12119437,0.8114707,0.031225786,0.022787284,1.0,0.93702984,0.20077966,0.05616859,0.13831013,0.036939643,0.007161893,0.09586929,0.13661528,0.065138444,0.013639034,0.12175012,0.09351874,0.009970795,0.26530546,0.17178331,0.044594683,0.06939515,0.009169795,0.01883949,0.15841924,0.026125537
PostType,0.1328516,0.2439316,0.32817078,0.071476616,0.2081471,0.05615488,0.30326185,0.11390056,0.07630566,0.11120067,0.06019034,0.015028868,0.48433954,0.12350968,0.35867247,0.1977459,0.07185087,0.09521792,0.121777356,0.8452624,0.03269344,0.023222173,0.93702984,1.0,0.22427438,0.05679808,0.14875801,0.036678623,0.007197541,0.091124006,0.13461265,0.06716346,0.013254279,0.12187531,0.09795146,0.010058523,0.2806435,0.17100687,0.04732104,0.06912918,0.009350139,0.019394394,0.16441657,0.027735583
PygmentsService,0.21756223,0.30328128,0.26729068,0.14983633,0.342911,0.04068267,0.3802723,0.26533547,0.26019314,0.2303042,0.13886756,0.01068472,0.2748118,0.18012404,0.16056255,0.47694537,0.10860843,0.23489091,0.11438622,0.23409256,0.13263994,0.064591624,0.20077966,0.22427438,1.0,0.14370775,0.26547477,0.06924642,0.017553415,0.04658302,0.0737047,0.14499113,0.01164821,0.12684979,0.18342805,0.018170517,0.32761544,0.19374646,0.074950546,0.032247327,0.018759131,0.06376868,0.31166106,0.07835297
PygmentsVerbatimSerializer,0.18695576,0.12731002,0.126585,0.14372465,0.20079784,0.051106308,0.113316424,0.17059742,0.24629623,0.1929606,0.40331605,0.08075383,0.05047484,0.06784399,0.1669982,0.32430843,0.17999244,0.16271333,0.1724859,0.082832985,0.12744524,0.1980555,0.05616859,0.05679808,0.14370775,1.0,0.134892,0.2241715,0.1269946,0.15582998,0.13549237,0.20791802,0.085298896,0.2574959,0.21700983,0.14087798,0.16936572,0.21965382,0.16823272,0.106612094,0.13470353,0.15733494,0.21045426,0.20133199
SecurityConfig,0.51191366,0.38245583,0.3445167,0.4342144,0.5397816,0.033968776,0.3290252,0.4084324,0.35931674,0.42576283,0.108920686,0.006158516,0.1908294,0.2603413,0.20676869,0.44266677,0.26731628,0.48109215,0.18759523,0.15234634,0.26573268,0.25873753,0.13831013,0.14875801,0.26547477,0.134892,1.0,0.15907234,0.0647217,0.053205002,0.100590214,0.2840979,0.0053173197,0.22624712,0.46327823,0.04268046,0.44016638,0.3192948,0.16033103,0.042659108,0.051583275,0.36401927,0.5500794,0.36070263
Setting,0.29491678,0.12566015,0.16062202,0.19176865,0.2330773,0.049902987,0.0787347,0.1899823,0.1831083,0.3114028,0.18845464,0.035134397,0.037642714,0.06096211,0.13816077,0.1887232,0.476208,0.25023302,0.30895388,0.0466306,0.24727628,0.38042194,0.036939643,0.036678623,0.06924642,0.2241715,0.15907234,1.0,0.29124036,0.17214376,0.25156066,0.22070824,0.03282098,0.6475606,0.32921183,0.18210174,0.14942735,0.47938326,0.30003777,0.18855944,0.22936633,0.33536267,0.24703246,0.34956303
SettingRepository,0.123814195,0.029887386,0.025200032,0.07231697,0.07452753,0.013373478,0.018056944,0.052069407,0.08080708,0.12935065,0.12751393,0.041528612,0.005362306,0.014420323,0.056961197,0.05502127,0.10664893,0.10489705,0.09593835,0.010166995,0.14884607,0.32184494,0.007161893,0.007197541,0.017553415,0.1269946,0.0647217,0.29124036,1.0,0.10026357,0.080852896,0.16406877,0.042665597,0.20758341,0.155639,0.65992916,0.064737305,0.10349588,0.24043004,0.084221296,0.75498515,0.28875846,0.08837617,0.254255
SettingService,0.09895521,0.08374196,0.090264454,0.052374855,0.11953706,0.05431668,0.06043348,0.0703077,0.059197977,0.098676085,0.16693778,0.11650126,0.05383963,0.040423963,0.19941898,0.09037559,0.100022085,0.06740538,0.15217803,0.10495351,0.04357484,0.083498806,0.09586929,0.091124006,0.04658302,0.15582998,0.053205002,0.17214376,0.10026357,1.0,0.20327294,0.12309135,0.10280121,0.20185627,0.10931492,0.10882336,0.09479033,0.15299332,0.141547,0.21314144,0.102692716,0.05737738,0.102411,0.07744908
SettingsForm,0.16425863,0.117162,0.15537588,0.076083526,0.16079283,0.06574331,0.08434331,0.10087568,0.09858466,0.16691214,0.14439735,0.072079025,0.09349148,0.045377225,0.2581952,0.15054712,0.23427156,0.115032084,0.6134311,0.16183774,0.07805721,0.12886643,0.13661528,0.13461265,0.0737047,0.13549237,0.100590214,0.25156066,0.080852896,0.20327294,1.0,0.12898278,0.058097325,0.3157924,0.17215477,0.072627865,0.13973047,0.2756141,0.18606526,0.5981173,0.08266134,0.07779333,0.17692666,0.105678506
SpringBlogApplication,0.3628035,0.2088888,0.14844352,0.31213972,0.27360865,0.05563646,0.16130994,0.28688943,0.2515737,0.37618646,0.2063972,0.029656904,0.0678298,0.102857605,0.20552464,0.29610363,0.20525727,0.33291295,0.16903357,0.07890086,0.198121,0.27141514,0.065138444,0.06716346,0.14499113,0.20791802,0.2840979,0.22070824,0.16406877,0.12309135,0.12898278,1.0,0.022192944,0.293468,0.33304983,0.14351141,0.25500485,0.28237382,0.29724064,0.0819401,0.15635711,0.28956988,0.3341,0.36394247
SyntaxHighlightService,0.013323269,0.00593395,0.006701855,0.0047531906,0.01043012,0.013306855,0.0046300637,0.007827067,0.017523954,0.011080834,0.13532865,0.6091419,0.004279599,0.0021803638,0.048690196,0.01869471,0.011137715,0.008019823,0.026214954,0.021627694,0.0056751953,0.022489555,0.013639034,0.013254279,0.01164821,0.085298896,0.0053173197,0.03282098,0.042665597,0.10280121,0.058097325,0.022192944,1.0,0.03927914,0.016699146,0.071611434,0.010441467,0.017274505,0.060018755,0.1335461,0.06326069,0.008654018,0.01574846,0.015661145
Tag,0.3979166,0.22684035,0.33015525,0.24764593,0.34312972,0.07039058,0.18925059,0.24997815,0.22430702,0.42344368,0.22421478,0.04654372,0.094235785,0.11213123,0.27856883,0.31305227,0.51145005,0.3302432,0.3423408,0.13843444,0.26932693,0.3064938,0.12175012,0.12187531,0.12684979,0.2574959,0.22624712,0.6475606,0.20758341,0.20185627,0.3157924,0.293468,0.03927914,1.0,0.41175005,0.18462642,0.33604774,0.7370728,0.30527508,0.21566908,0.20080869,0.24988997,0.3323525,0.28313917
TagController,0.7719703,0.36772546,0.3255203,0.30120483,0.5595339,0.053660292,0.24876866,0.5307792,0.43164748,0.74846584,0.20398793,0.021542836,0.12987776,0.24891017,0.23305447,0.42952326,0.47784883,0.69713205,0.32343298,0.10542038,0.45218998,0.4925016,0.09351874,0.09795146,0.18342805,0.21700983,0.46327823,0.32921183,0.155639,0.10931492,0.17215477,0.33304983,0.016699146,0.41175005,1.0,0.1254658,0.44044504,0.451118,0.3433769,0.088113025,0.12362139,0.4342278,0.5689726,0.5013314
TagRepository,0.09280695,0.025245233,0.023557205,0.048316743,0.054939292,0.013928671,0.017844206,0.0431703,0.07260575,0.101749234,0.17154424,0.080352776,0.0054899585,0.012236283,0.06657379,0.053891595,0.074344166,0.079955205,0.081566565,0.014491265,0.11350466,0.20931306,0.009970795,0.010058523,0.018170517,0.14087798,0.04268046,0.18210174,0.65992916,0.10882336,0.072627865,0.14351141,0.071611434,0.18462642,0.1254658,1.0,0.0741692,0.08519741,0.21854989,0.09694623,0.7903484,0.15938362,0.06963093,0.15627582
TagService,0.44759205,0.4996285,0.48290175,0.32372707,0.5965735,0.041974716,0.5312304,0.380141,0.30047485,0.45061234,0.16219424,0.012698705,0.2894883,0.28800017,0.29738387,0.53164464,0.24421597,0.44072795,0.22962676,0.25665906,0.24043952,0.17802879,0.26530546,0.2806435,0.32761544,0.16936572,0.44016638,0.14942735,0.064737305,0.09479033,0.13973047,0.25500485,0.010441467,0.33604774,0.44044504,0.0741692,1.0,0.4177812,0.14304943,0.061396185,0.065730646,0.1867634,0.46664375,0.1959086
User,0.47485024,0.3985569,0.48112687,0.29708818,0.4982441,0.10905964,0.31847212,0.37380958,0.2550197,0.4865211,0.19329685,0.0216413,0.18809262,0.20469168,0.29133612,0.42600778,0.56811905,0.3914404,0.35296658,0.18038696,0.31738645,0.234594,0.17178331,0.17100687,0.19374646,0.21965382,0.3192948,0.47938326,0.10349588,0.15299332,0.2756141,0.28237382,0.017274505,0.7370728,0.451118,0.08519741,0.4177812,1.0,0.24728017,0.14549144,0.104111634,0.23944658,0.45697588,0.2496087
UserController,0.35360318,0.096114986,0.10078248,0.11350891,0.17613101,0.054754607,0.066162415,0.19402781,0.1507292,0.31683677,0.23400903,0.07507217,0.037842825,0.053365532,0.21105252,0.16185148,0.18192868,0.22039437,0.18375067,0.05742072,0.16518646,0.26378137,0.044594683,0.04732104,0.074950546,0.16823272,0.16033103,0.30003777,0.24043004,0.141547,0.18606526,0.29724064,0.060018755,0.30527508,0.3433769,0.21854989,0.14304943,0.24728017,1.0,0.18287075,0.25252303,0.23829508,0.22500496,0.29434186
UserForm,0.08205745,0.037711523,0.071623765,0.029708223,0.06959908,0.035545155,0.031019058,0.039278276,0.051010158,0.07173937,0.13178611,0.140957,0.031095522,0.012455069,0.19833529,0.070524484,0.104428664,0.05259572,0.28659478,0.08885118,0.029228926,0.07782466,0.06939515,0.06912918,0.032247327,0.106612094,0.042659108,0.18855944,0.084221296,0.21314144,0.5981173,0.0819401,0.1335461,0.21566908,0.088113025,0.09694623,0.061396185,0.14549144,0.18287075,1.0,0.10983078,0.047908947,0.09055723,0.061992437
UserRepository,0.102408156,0.026174765,0.025334204,0.05291557,0.059284367,0.015615488,0.017528558,0.04683802,0.072554104,0.10767806,0.15008368,0.0678504,0.005194948,0.011587136,0.066735394,0.05288569,0.08850527,0.083445236,0.08580357,0.013881935,0.12194566,0.23776953,0.009169795,0.009350139,0.018759131,0.13470353,0.051583275,0.22936633,0.75498515,0.102692716,0.08266134,0.15635711,0.06326069,0.20080869,0.12362139,0.7903484,0.065730646,0.104111634,0.25252303,0.10983078,1.0,0.20958084,0.0766168,0.18199255
UserService,0.3822835,0.13453986,0.11375014,0.27838627,0.26069033,0.020443352,0.08562489,0.25250036,0.2647449,0.34420827,0.115573816,0.008943028,0.030017935,0.094728574,0.090205535,0.19447905,0.30391568,0.39651996,0.17622416,0.023254937,0.3261393,0.67969716,0.01883949,0.019394394,0.06376868,0.15733494,0.36401927,0.33536267,0.28875846,0.05737738,0.07779333,0.28956988,0.008654018,0.24988997,0.4342278,0.15938362,0.1867634,0.23944658,0.23829508,0.047908947,0.20958084,1.0,0.33850643,0.67918307
ViewHelper,0.56752187,0.47309652,0.47880095,0.36423,0.60573924,0.067162454,0.3895517,0.5183552,0.43433484,0.4989821,0.20715693,0.017428,0.25090903,0.2708805,0.29405275,0.5460822,0.41245627,0.561428,0.28114903,0.18015625,0.30613008,0.2981934,0.15841924,0.16441657,0.31166106,0.21045426,0.5500794,0.24703246,0.08837617,0.102411,0.17692666,0.3341,0.01574846,0.3323525,0.5689726,0.06963093,0.46664375,0.45697588,0.22500496,0.09055723,0.0766168,0.33850643,1.0,0.36194143
WebConfig,0.4701793,0.16304949,0.12155231,0.29286554,0.2737461,0.03476918,0.10179128,0.31338373,0.3360446,0.38528368,0.15531877,0.017625814,0.040277455,0.11437972,0.12163333,0.23770274,0.32296842,0.42687237,0.2114458,0.03226128,0.31440082,0.6689617,0.026125537,0.027735583,0.07835297,0.20133199,0.36070263,0.34956303,0.254255,0.07744908,0.105678506,0.36394247,0.015661145,0.28313917,0.5013314,0.15627582,0.1959086,0.2496087,0.29434186,0.061992437,0.18199255,0.67918307,0.36194143,1.0
